[
{
  "model": "authy.profile",
  "pk": 1,
  "fields": {
    "user": 1,
    "is_active": true,
    "is_staff": false,
    "is_superuser": false,
    "cell": null
  }
},
{
  "model": "authy.profile",
  "pk": 2,
  "fields": {
    "user": 2,
    "is_active": true,
    "is_staff": false,
    "is_superuser": false,
    "cell": null
  }
},
{
  "model": "authy.profile",
  "pk": 25,
  "fields": {
    "user": 25,
    "is_active": true,
    "is_staff": false,
    "is_superuser": false,
    "cell": "+254753288125"
  }
},
{
  "model": "authy.profile",
  "pk": 26,
  "fields": {
    "user": 26,
    "is_active": true,
    "is_staff": false,
    "is_superuser": false,
    "cell": "+254751431983"
  }
},
{
  "model": "authy.profile",
  "pk": 27,
  "fields": {
    "user": 27,
    "is_active": true,
    "is_staff": false,
    "is_superuser": false,
    "cell": "+254766757584"
  }
},
{
  "model": "authy.profile",
  "pk": 28,
  "fields": {
    "user": 28,
    "is_active": true,
    "is_staff": false,
    "is_superuser": false,
    "cell": "+254780798988"
  }
},
{
  "model": "authy.profile",
  "pk": 29,
  "fields": {
    "user": 29,
    "is_active": true,
    "is_staff": false,
    "is_superuser": false,
    "cell": "+254769659730"
  }
},
{
  "model": "authy.profile",
  "pk": 30,
  "fields": {
    "user": 30,
    "is_active": true,
    "is_staff": false,
    "is_superuser": false,
    "cell": "+254716300678"
  }
},
{
  "model": "authy.profile",
  "pk": 31,
  "fields": {
    "user": 31,
    "is_active": true,
    "is_staff": false,
    "is_superuser": false,
    "cell": "+254713638407"
  }
},
{
  "model": "authy.profile",
  "pk": 32,
  "fields": {
    "user": 32,
    "is_active": true,
    "is_staff": false,
    "is_superuser": false,
    "cell": "+254774299138"
  }
},
{
  "model": "authy.profile",
  "pk": 33,
  "fields": {
    "user": 33,
    "is_active": true,
    "is_staff": false,
    "is_superuser": false,
    "cell": "+254735163275"
  }
},
{
  "model": "authy.profile",
  "pk": 34,
  "fields": {
    "user": 34,
    "is_active": true,
    "is_staff": false,
    "is_superuser": false,
    "cell": "+254726846955"
  }
},
{
  "model": "authy.profile",
  "pk": 35,
  "fields": {
    "user": 35,
    "is_active": true,
    "is_staff": false,
    "is_superuser": false,
    "cell": "+254728433338"
  }
},
{
  "model": "authy.profile",
  "pk": 36,
  "fields": {
    "user": 36,
    "is_active": true,
    "is_staff": false,
    "is_superuser": false,
    "cell": "+254758450444"
  }
},
{
  "model": "authy.profile",
  "pk": 37,
  "fields": {
    "user": 37,
    "is_active": true,
    "is_staff": false,
    "is_superuser": false,
    "cell": "+254782793276"
  }
},
{
  "model": "authy.profile",
  "pk": 38,
  "fields": {
    "user": 38,
    "is_active": true,
    "is_staff": false,
    "is_superuser": false,
    "cell": null
  }
},
{
  "model": "authy.renterinfo",
  "pk": 1,
  "fields": {
    "renter": 25,
    "natId": "58556896",
    "taxinfo": "",
    "renterImage_id": "",
    "created": "2023-06-01T02:21:59.692Z",
    "updated": "2023-06-01T02:38:12.759Z"
  }
},
{
  "model": "authy.renterinfo",
  "pk": 2,
  "fields": {
    "renter": 26,
    "natId": "78327686",
    "taxinfo": "",
    "renterImage_id": "",
    "created": "2023-06-01T02:21:59.766Z",
    "updated": "2023-06-01T02:38:12.779Z"
  }
},
{
  "model": "authy.renterinfo",
  "pk": 3,
  "fields": {
    "renter": 27,
    "natId": "55769575",
    "taxinfo": "",
    "renterImage_id": "",
    "created": "2023-06-01T02:21:59.814Z",
    "updated": "2023-06-01T02:38:12.784Z"
  }
},
{
  "model": "authy.renterinfo",
  "pk": 4,
  "fields": {
    "renter": 28,
    "natId": "46684653",
    "taxinfo": "",
    "renterImage_id": "",
    "created": "2023-06-01T02:21:59.867Z",
    "updated": "2023-06-01T02:38:12.804Z"
  }
},
{
  "model": "authy.renterinfo",
  "pk": 5,
  "fields": {
    "renter": 29,
    "natId": "43933455",
    "taxinfo": "",
    "renterImage_id": "",
    "created": "2023-06-01T02:21:59.913Z",
    "updated": "2023-06-01T02:38:12.809Z"
  }
},
{
  "model": "authy.renterinfo",
  "pk": 6,
  "fields": {
    "renter": 30,
    "natId": "38692747",
    "taxinfo": "",
    "renterImage_id": "",
    "created": "2023-06-01T02:21:59.976Z",
    "updated": "2023-06-01T02:38:12.814Z"
  }
},
{
  "model": "authy.renterinfo",
  "pk": 7,
  "fields": {
    "renter": 31,
    "natId": "98285883",
    "taxinfo": "",
    "renterImage_id": "",
    "created": "2023-06-01T02:22:00.040Z",
    "updated": "2023-06-01T02:38:12.818Z"
  }
},
{
  "model": "authy.renterinfo",
  "pk": 8,
  "fields": {
    "renter": 32,
    "natId": "83635533",
    "taxinfo": "",
    "renterImage_id": "",
    "created": "2023-06-01T02:22:00.092Z",
    "updated": "2023-06-01T02:38:12.822Z"
  }
},
{
  "model": "authy.renterinfo",
  "pk": 9,
  "fields": {
    "renter": 33,
    "natId": "84237455",
    "taxinfo": "",
    "renterImage_id": "",
    "created": "2023-06-01T02:22:00.139Z",
    "updated": "2023-06-01T02:38:12.824Z"
  }
},
{
  "model": "authy.renterinfo",
  "pk": 10,
  "fields": {
    "renter": 34,
    "natId": "95789643",
    "taxinfo": "",
    "renterImage_id": "",
    "created": "2023-06-01T02:22:00.192Z",
    "updated": "2023-06-01T02:38:12.827Z"
  }
},
{
  "model": "authy.renterinfo",
  "pk": 11,
  "fields": {
    "renter": 35,
    "natId": "47535935",
    "taxinfo": "",
    "renterImage_id": "",
    "created": "2023-06-01T02:22:00.248Z",
    "updated": "2023-06-01T02:38:12.829Z"
  }
},
{
  "model": "authy.renterinfo",
  "pk": 12,
  "fields": {
    "renter": 36,
    "natId": "26976267",
    "taxinfo": "",
    "renterImage_id": "",
    "created": "2023-06-01T02:22:00.326Z",
    "updated": "2023-06-01T02:38:12.832Z"
  }
},
{
  "model": "authy.renterinfo",
  "pk": 13,
  "fields": {
    "renter": 37,
    "natId": "27274378",
    "taxinfo": "",
    "renterImage_id": "",
    "created": "2023-06-01T02:22:00.383Z",
    "updated": "2023-06-01T02:38:12.835Z"
  }
},
{
  "model": "authy.paymentlog",
  "pk": 42,
  "fields": {
    "tenant": 1,
    "created": "2023-06-02T18:29:44.122Z",
    "updated": "2023-06-02T18:29:44.148Z",
    "payment_status": "complete",
    "renterInvoice": "",
    "flat": 1,
    "water": 27,
    "sewage": 27
  }
},
{
  "model": "authy.paymentlog",
  "pk": 43,
  "fields": {
    "tenant": 2,
    "created": "2023-06-02T18:29:44.153Z",
    "updated": "2023-06-02T18:29:44.172Z",
    "payment_status": "complete",
    "renterInvoice": "",
    "flat": 2,
    "water": 28,
    "sewage": 28
  }
},
{
  "model": "authy.paymentlog",
  "pk": 44,
  "fields": {
    "tenant": 3,
    "created": "2023-06-02T18:29:44.177Z",
    "updated": "2023-06-02T18:29:44.199Z",
    "payment_status": "complete",
    "renterInvoice": "",
    "flat": 3,
    "water": 29,
    "sewage": 29
  }
},
{
  "model": "authy.paymentlog",
  "pk": 45,
  "fields": {
    "tenant": 4,
    "created": "2023-06-02T18:29:44.207Z",
    "updated": "2023-06-02T18:29:44.244Z",
    "payment_status": "complete",
    "renterInvoice": "",
    "flat": 4,
    "water": 30,
    "sewage": 30
  }
},
{
  "model": "authy.paymentlog",
  "pk": 46,
  "fields": {
    "tenant": 5,
    "created": "2023-06-02T18:29:44.253Z",
    "updated": "2023-06-02T18:29:44.291Z",
    "payment_status": "complete",
    "renterInvoice": "",
    "flat": 5,
    "water": 31,
    "sewage": 31
  }
},
{
  "model": "authy.paymentlog",
  "pk": 47,
  "fields": {
    "tenant": 6,
    "created": "2023-06-02T18:29:44.308Z",
    "updated": "2023-06-02T18:29:44.351Z",
    "payment_status": "complete",
    "renterInvoice": "",
    "flat": 6,
    "water": 32,
    "sewage": 32
  }
},
{
  "model": "authy.paymentlog",
  "pk": 48,
  "fields": {
    "tenant": 7,
    "created": "2023-06-02T18:29:44.358Z",
    "updated": "2023-06-02T18:29:44.402Z",
    "payment_status": "complete",
    "renterInvoice": "",
    "flat": 7,
    "water": 33,
    "sewage": 33
  }
},
{
  "model": "authy.paymentlog",
  "pk": 49,
  "fields": {
    "tenant": 8,
    "created": "2023-06-02T18:29:44.409Z",
    "updated": "2023-06-02T18:29:44.431Z",
    "payment_status": "complete",
    "renterInvoice": "",
    "flat": 8,
    "water": 34,
    "sewage": 34
  }
},
{
  "model": "authy.paymentlog",
  "pk": 50,
  "fields": {
    "tenant": 9,
    "created": "2023-06-02T18:29:44.440Z",
    "updated": "2023-06-02T18:29:44.469Z",
    "payment_status": "complete",
    "renterInvoice": "",
    "flat": 9,
    "water": 35,
    "sewage": 35
  }
},
{
  "model": "authy.paymentlog",
  "pk": 51,
  "fields": {
    "tenant": 10,
    "created": "2023-06-02T18:29:44.477Z",
    "updated": "2023-06-02T18:29:44.511Z",
    "payment_status": "complete",
    "renterInvoice": "",
    "flat": 10,
    "water": 36,
    "sewage": 36
  }
},
{
  "model": "authy.paymentlog",
  "pk": 52,
  "fields": {
    "tenant": 11,
    "created": "2023-06-02T18:29:44.524Z",
    "updated": "2023-06-02T18:29:44.553Z",
    "payment_status": "complete",
    "renterInvoice": "",
    "flat": 11,
    "water": 37,
    "sewage": 37
  }
},
{
  "model": "authy.paymentlog",
  "pk": 53,
  "fields": {
    "tenant": 12,
    "created": "2023-06-02T18:29:44.561Z",
    "updated": "2023-06-02T18:29:44.593Z",
    "payment_status": "complete",
    "renterInvoice": "",
    "flat": 12,
    "water": 38,
    "sewage": 38
  }
},
{
  "model": "authy.paymentlog",
  "pk": 54,
  "fields": {
    "tenant": 13,
    "created": "2023-06-02T18:29:44.604Z",
    "updated": "2023-06-02T18:29:44.629Z",
    "payment_status": "complete",
    "renterInvoice": "",
    "flat": 13,
    "water": 39,
    "sewage": 39
  }
},
{
  "model": "flats.flat",
  "pk": 1,
  "fields": {
    "flat_no": "Flat1",
    "vacant": false,
    "rentalFee": "15000.00",
    "maintenaceFee": "1000.00",
    "threeMonthDeposit": "45000.00",
    "depositPaid": true,
    "date": "2023-06-02T18:29:44.134Z"
  }
},
{
  "model": "flats.flat",
  "pk": 2,
  "fields": {
    "flat_no": "Flat2",
    "vacant": false,
    "rentalFee": "15000.00",
    "maintenaceFee": "1000.00",
    "threeMonthDeposit": "45000.00",
    "depositPaid": true,
    "date": "2023-06-02T18:29:44.159Z"
  }
},
{
  "model": "flats.flat",
  "pk": 3,
  "fields": {
    "flat_no": "Flat3",
    "vacant": false,
    "rentalFee": "15000.00",
    "maintenaceFee": "1000.00",
    "threeMonthDeposit": "45000.00",
    "depositPaid": true,
    "date": "2023-06-02T18:29:44.190Z"
  }
},
{
  "model": "flats.flat",
  "pk": 4,
  "fields": {
    "flat_no": "Flat4",
    "vacant": false,
    "rentalFee": "15000.00",
    "maintenaceFee": "1000.00",
    "threeMonthDeposit": "45000.00",
    "depositPaid": true,
    "date": "2023-06-02T18:29:44.221Z"
  }
},
{
  "model": "flats.flat",
  "pk": 5,
  "fields": {
    "flat_no": "Flat5",
    "vacant": false,
    "rentalFee": "15000.00",
    "maintenaceFee": "1000.00",
    "threeMonthDeposit": "45000.00",
    "depositPaid": true,
    "date": "2023-06-02T18:29:44.273Z"
  }
},
{
  "model": "flats.flat",
  "pk": 6,
  "fields": {
    "flat_no": "Flat6",
    "vacant": false,
    "rentalFee": "15000.00",
    "maintenaceFee": "1000.00",
    "threeMonthDeposit": "45000.00",
    "depositPaid": true,
    "date": "2023-06-02T18:29:44.317Z"
  }
},
{
  "model": "flats.flat",
  "pk": 7,
  "fields": {
    "flat_no": "Flat7",
    "vacant": false,
    "rentalFee": "15000.00",
    "maintenaceFee": "1000.00",
    "threeMonthDeposit": "45000.00",
    "depositPaid": true,
    "date": "2023-06-02T18:29:44.390Z"
  }
},
{
  "model": "flats.flat",
  "pk": 8,
  "fields": {
    "flat_no": "Flat8",
    "vacant": false,
    "rentalFee": "15000.00",
    "maintenaceFee": "1000.00",
    "threeMonthDeposit": "45000.00",
    "depositPaid": true,
    "date": "2023-06-02T18:29:44.419Z"
  }
},
{
  "model": "flats.flat",
  "pk": 9,
  "fields": {
    "flat_no": "Flat9",
    "vacant": false,
    "rentalFee": "15000.00",
    "maintenaceFee": "1000.00",
    "threeMonthDeposit": "45000.00",
    "depositPaid": true,
    "date": "2023-06-02T18:29:44.454Z"
  }
},
{
  "model": "flats.flat",
  "pk": 10,
  "fields": {
    "flat_no": "Flat10",
    "vacant": false,
    "rentalFee": "15000.00",
    "maintenaceFee": "1000.00",
    "threeMonthDeposit": "45000.00",
    "depositPaid": true,
    "date": "2023-06-02T18:29:44.493Z"
  }
},
{
  "model": "flats.flat",
  "pk": 11,
  "fields": {
    "flat_no": "Flat11",
    "vacant": false,
    "rentalFee": "15000.00",
    "maintenaceFee": "1000.00",
    "threeMonthDeposit": "45000.00",
    "depositPaid": true,
    "date": "2023-06-02T18:29:44.539Z"
  }
},
{
  "model": "flats.flat",
  "pk": 12,
  "fields": {
    "flat_no": "Flat12",
    "vacant": false,
    "rentalFee": "15000.00",
    "maintenaceFee": "1000.00",
    "threeMonthDeposit": "45000.00",
    "depositPaid": true,
    "date": "2023-06-02T18:29:44.577Z"
  }
},
{
  "model": "flats.flat",
  "pk": 13,
  "fields": {
    "flat_no": "Flat13",
    "vacant": false,
    "rentalFee": "15000.00",
    "maintenaceFee": "1000.00",
    "threeMonthDeposit": "45000.00",
    "depositPaid": true,
    "date": "2023-06-02T18:29:44.619Z"
  }
},
{
  "model": "flats.flat",
  "pk": 14,
  "fields": {
    "flat_no": "Flat14",
    "vacant": true,
    "rentalFee": "15000.00",
    "maintenaceFee": "1000.00",
    "threeMonthDeposit": "45000.00",
    "depositPaid": false,
    "date": "2023-06-01T01:03:24.661Z"
  }
},
{
  "model": "flats.flat",
  "pk": 15,
  "fields": {
    "flat_no": "Flat15",
    "vacant": true,
    "rentalFee": "15000.00",
    "maintenaceFee": "1000.00",
    "threeMonthDeposit": "45000.00",
    "depositPaid": false,
    "date": "2023-06-01T01:03:24.661Z"
  }
},
{
  "model": "flats.flat",
  "pk": 16,
  "fields": {
    "flat_no": "Flat16",
    "vacant": true,
    "rentalFee": "15000.00",
    "maintenaceFee": "1000.00",
    "threeMonthDeposit": "45000.00",
    "depositPaid": false,
    "date": "2023-06-01T01:03:24.661Z"
  }
},
{
  "model": "flats.flat",
  "pk": 17,
  "fields": {
    "flat_no": "Flat17",
    "vacant": true,
    "rentalFee": "17000.00",
    "maintenaceFee": "1000.00",
    "threeMonthDeposit": "51000.00",
    "depositPaid": false,
    "date": "2023-06-01T01:05:10.990Z"
  }
},
{
  "model": "flats.flat",
  "pk": 18,
  "fields": {
    "flat_no": "Flat18",
    "vacant": true,
    "rentalFee": "19000.00",
    "maintenaceFee": "1000.00",
    "threeMonthDeposit": "57000.00",
    "depositPaid": false,
    "date": "2023-06-01T01:05:35.344Z"
  }
},
{
  "model": "flats.water",
  "pk": 27,
  "fields": {
    "unitPrice": "40.00",
    "quantity": 58,
    "date": "2023-06-02T18:29:44.139Z",
    "flat": 1
  }
},
{
  "model": "flats.water",
  "pk": 28,
  "fields": {
    "unitPrice": "40.00",
    "quantity": 149,
    "date": "2023-06-02T18:29:44.162Z",
    "flat": 2
  }
},
{
  "model": "flats.water",
  "pk": 29,
  "fields": {
    "unitPrice": "40.00",
    "quantity": 196,
    "date": "2023-06-02T18:29:44.193Z",
    "flat": 3
  }
},
{
  "model": "flats.water",
  "pk": 30,
  "fields": {
    "unitPrice": "40.00",
    "quantity": 141,
    "date": "2023-06-02T18:29:44.226Z",
    "flat": 4
  }
},
{
  "model": "flats.water",
  "pk": 31,
  "fields": {
    "unitPrice": "40.00",
    "quantity": 86,
    "date": "2023-06-02T18:29:44.277Z",
    "flat": 5
  }
},
{
  "model": "flats.water",
  "pk": 32,
  "fields": {
    "unitPrice": "40.00",
    "quantity": 80,
    "date": "2023-06-02T18:29:44.339Z",
    "flat": 6
  }
},
{
  "model": "flats.water",
  "pk": 33,
  "fields": {
    "unitPrice": "40.00",
    "quantity": 57,
    "date": "2023-06-02T18:29:44.393Z",
    "flat": 7
  }
},
{
  "model": "flats.water",
  "pk": 34,
  "fields": {
    "unitPrice": "40.00",
    "quantity": 200,
    "date": "2023-06-02T18:29:44.423Z",
    "flat": 8
  }
},
{
  "model": "flats.water",
  "pk": 35,
  "fields": {
    "unitPrice": "40.00",
    "quantity": 50,
    "date": "2023-06-02T18:29:44.457Z",
    "flat": 9
  }
},
{
  "model": "flats.water",
  "pk": 36,
  "fields": {
    "unitPrice": "40.00",
    "quantity": 128,
    "date": "2023-06-02T18:29:44.505Z",
    "flat": 10
  }
},
{
  "model": "flats.water",
  "pk": 37,
  "fields": {
    "unitPrice": "40.00",
    "quantity": 151,
    "date": "2023-06-02T18:29:44.542Z",
    "flat": 11
  }
},
{
  "model": "flats.water",
  "pk": 38,
  "fields": {
    "unitPrice": "40.00",
    "quantity": 144,
    "date": "2023-06-02T18:29:44.587Z",
    "flat": 12
  }
},
{
  "model": "flats.water",
  "pk": 39,
  "fields": {
    "unitPrice": "40.00",
    "quantity": 119,
    "date": "2023-06-02T18:29:44.623Z",
    "flat": 13
  }
},
{
  "model": "flats.sewage",
  "pk": 27,
  "fields": {
    "unitPrice": "70.00",
    "quantity": 196,
    "date": "2023-06-02T18:29:44.144Z",
    "flat": 1
  }
},
{
  "model": "flats.sewage",
  "pk": 28,
  "fields": {
    "unitPrice": "70.00",
    "quantity": 227,
    "date": "2023-06-02T18:29:44.169Z",
    "flat": 2
  }
},
{
  "model": "flats.sewage",
  "pk": 29,
  "fields": {
    "unitPrice": "70.00",
    "quantity": 168,
    "date": "2023-06-02T18:29:44.196Z",
    "flat": 3
  }
},
{
  "model": "flats.sewage",
  "pk": 30,
  "fields": {
    "unitPrice": "70.00",
    "quantity": 244,
    "date": "2023-06-02T18:29:44.239Z",
    "flat": 4
  }
},
{
  "model": "flats.sewage",
  "pk": 31,
  "fields": {
    "unitPrice": "70.00",
    "quantity": 223,
    "date": "2023-06-02T18:29:44.281Z",
    "flat": 5
  }
},
{
  "model": "flats.sewage",
  "pk": 32,
  "fields": {
    "unitPrice": "70.00",
    "quantity": 199,
    "date": "2023-06-02T18:29:44.343Z",
    "flat": 6
  }
},
{
  "model": "flats.sewage",
  "pk": 33,
  "fields": {
    "unitPrice": "70.00",
    "quantity": 115,
    "date": "2023-06-02T18:29:44.397Z",
    "flat": 7
  }
},
{
  "model": "flats.sewage",
  "pk": 34,
  "fields": {
    "unitPrice": "70.00",
    "quantity": 200,
    "date": "2023-06-02T18:29:44.427Z",
    "flat": 8
  }
},
{
  "model": "flats.sewage",
  "pk": 35,
  "fields": {
    "unitPrice": "70.00",
    "quantity": 244,
    "date": "2023-06-02T18:29:44.462Z",
    "flat": 9
  }
},
{
  "model": "flats.sewage",
  "pk": 36,
  "fields": {
    "unitPrice": "70.00",
    "quantity": 184,
    "date": "2023-06-02T18:29:44.508Z",
    "flat": 10
  }
},
{
  "model": "flats.sewage",
  "pk": 37,
  "fields": {
    "unitPrice": "70.00",
    "quantity": 241,
    "date": "2023-06-02T18:29:44.551Z",
    "flat": 11
  }
},
{
  "model": "flats.sewage",
  "pk": 38,
  "fields": {
    "unitPrice": "70.00",
    "quantity": 197,
    "date": "2023-06-02T18:29:44.590Z",
    "flat": 12
  }
},
{
  "model": "flats.sewage",
  "pk": 39,
  "fields": {
    "unitPrice": "70.00",
    "quantity": 247,
    "date": "2023-06-02T18:29:44.626Z",
    "flat": 13
  }
},
{
  "model": "admin.logentry",
  "pk": 1,
  "fields": {
    "action_time": "2023-05-30T17:58:34.276Z",
    "user": 1,
    "content_type": 7,
    "object_id": "4",
    "object_repr": "renter",
    "action_flag": 2,
    "change_message": "[{\"changed\": {\"fields\": [\"Permissions\"]}}]"
  }
},
{
  "model": "admin.logentry",
  "pk": 2,
  "fields": {
    "action_time": "2023-05-30T17:59:10.433Z",
    "user": 1,
    "content_type": 7,
    "object_id": "3",
    "object_repr": "sales",
    "action_flag": 2,
    "change_message": "[{\"changed\": {\"fields\": [\"Permissions\"]}}]"
  }
},
{
  "model": "admin.logentry",
  "pk": 3,
  "fields": {
    "action_time": "2023-06-01T02:49:26.537Z",
    "user": 1,
    "content_type": 3,
    "object_id": "13",
    "object_repr": "None",
    "action_flag": 3,
    "change_message": ""
  }
},
{
  "model": "admin.logentry",
  "pk": 4,
  "fields": {
    "action_time": "2023-06-01T02:49:26.561Z",
    "user": 1,
    "content_type": 3,
    "object_id": "12",
    "object_repr": "None",
    "action_flag": 3,
    "change_message": ""
  }
},
{
  "model": "admin.logentry",
  "pk": 5,
  "fields": {
    "action_time": "2023-06-01T02:49:26.564Z",
    "user": 1,
    "content_type": 3,
    "object_id": "11",
    "object_repr": "None",
    "action_flag": 3,
    "change_message": ""
  }
},
{
  "model": "admin.logentry",
  "pk": 6,
  "fields": {
    "action_time": "2023-06-01T02:49:26.567Z",
    "user": 1,
    "content_type": 3,
    "object_id": "10",
    "object_repr": "None",
    "action_flag": 3,
    "change_message": ""
  }
},
{
  "model": "admin.logentry",
  "pk": 7,
  "fields": {
    "action_time": "2023-06-01T02:49:26.571Z",
    "user": 1,
    "content_type": 3,
    "object_id": "9",
    "object_repr": "None",
    "action_flag": 3,
    "change_message": ""
  }
},
{
  "model": "admin.logentry",
  "pk": 8,
  "fields": {
    "action_time": "2023-06-01T02:49:26.574Z",
    "user": 1,
    "content_type": 3,
    "object_id": "8",
    "object_repr": "None",
    "action_flag": 3,
    "change_message": ""
  }
},
{
  "model": "admin.logentry",
  "pk": 9,
  "fields": {
    "action_time": "2023-06-01T02:49:26.578Z",
    "user": 1,
    "content_type": 3,
    "object_id": "7",
    "object_repr": "None",
    "action_flag": 3,
    "change_message": ""
  }
},
{
  "model": "admin.logentry",
  "pk": 10,
  "fields": {
    "action_time": "2023-06-01T02:49:26.581Z",
    "user": 1,
    "content_type": 3,
    "object_id": "6",
    "object_repr": "None",
    "action_flag": 3,
    "change_message": ""
  }
},
{
  "model": "admin.logentry",
  "pk": 11,
  "fields": {
    "action_time": "2023-06-01T02:49:26.584Z",
    "user": 1,
    "content_type": 3,
    "object_id": "5",
    "object_repr": "None",
    "action_flag": 3,
    "change_message": ""
  }
},
{
  "model": "admin.logentry",
  "pk": 12,
  "fields": {
    "action_time": "2023-06-01T02:49:26.587Z",
    "user": 1,
    "content_type": 3,
    "object_id": "4",
    "object_repr": "None",
    "action_flag": 3,
    "change_message": ""
  }
},
{
  "model": "admin.logentry",
  "pk": 13,
  "fields": {
    "action_time": "2023-06-01T02:49:26.589Z",
    "user": 1,
    "content_type": 3,
    "object_id": "3",
    "object_repr": "None",
    "action_flag": 3,
    "change_message": ""
  }
},
{
  "model": "admin.logentry",
  "pk": 14,
  "fields": {
    "action_time": "2023-06-01T02:49:26.592Z",
    "user": 1,
    "content_type": 3,
    "object_id": "2",
    "object_repr": "None",
    "action_flag": 3,
    "change_message": ""
  }
},
{
  "model": "admin.logentry",
  "pk": 15,
  "fields": {
    "action_time": "2023-06-01T02:49:26.596Z",
    "user": 1,
    "content_type": 3,
    "object_id": "1",
    "object_repr": "None",
    "action_flag": 3,
    "change_message": ""
  }
},
{
  "model": "auth.permission",
  "pk": 1,
  "fields": {
    "name": "Can add profile",
    "content_type": 1,
    "codename": "add_profile"
  }
},
{
  "model": "auth.permission",
  "pk": 2,
  "fields": {
    "name": "Can change profile",
    "content_type": 1,
    "codename": "change_profile"
  }
},
{
  "model": "auth.permission",
  "pk": 3,
  "fields": {
    "name": "Can delete profile",
    "content_type": 1,
    "codename": "delete_profile"
  }
},
{
  "model": "auth.permission",
  "pk": 4,
  "fields": {
    "name": "Can view profile",
    "content_type": 1,
    "codename": "view_profile"
  }
},
{
  "model": "auth.permission",
  "pk": 5,
  "fields": {
    "name": "Can add renter info",
    "content_type": 2,
    "codename": "add_renterinfo"
  }
},
{
  "model": "auth.permission",
  "pk": 6,
  "fields": {
    "name": "Can change renter info",
    "content_type": 2,
    "codename": "change_renterinfo"
  }
},
{
  "model": "auth.permission",
  "pk": 7,
  "fields": {
    "name": "Can delete renter info",
    "content_type": 2,
    "codename": "delete_renterinfo"
  }
},
{
  "model": "auth.permission",
  "pk": 8,
  "fields": {
    "name": "Can view renter info",
    "content_type": 2,
    "codename": "view_renterinfo"
  }
},
{
  "model": "auth.permission",
  "pk": 9,
  "fields": {
    "name": "Can add payment log",
    "content_type": 3,
    "codename": "add_paymentlog"
  }
},
{
  "model": "auth.permission",
  "pk": 10,
  "fields": {
    "name": "Can change payment log",
    "content_type": 3,
    "codename": "change_paymentlog"
  }
},
{
  "model": "auth.permission",
  "pk": 11,
  "fields": {
    "name": "Can delete payment log",
    "content_type": 3,
    "codename": "delete_paymentlog"
  }
},
{
  "model": "auth.permission",
  "pk": 12,
  "fields": {
    "name": "Can view payment log",
    "content_type": 3,
    "codename": "view_paymentlog"
  }
},
{
  "model": "auth.permission",
  "pk": 13,
  "fields": {
    "name": "Can add Flat",
    "content_type": 4,
    "codename": "add_flat"
  }
},
{
  "model": "auth.permission",
  "pk": 14,
  "fields": {
    "name": "Can change Flat",
    "content_type": 4,
    "codename": "change_flat"
  }
},
{
  "model": "auth.permission",
  "pk": 15,
  "fields": {
    "name": "Can delete Flat",
    "content_type": 4,
    "codename": "delete_flat"
  }
},
{
  "model": "auth.permission",
  "pk": 16,
  "fields": {
    "name": "Can view Flat",
    "content_type": 4,
    "codename": "view_flat"
  }
},
{
  "model": "auth.permission",
  "pk": 17,
  "fields": {
    "name": "Can add log entry",
    "content_type": 5,
    "codename": "add_logentry"
  }
},
{
  "model": "auth.permission",
  "pk": 18,
  "fields": {
    "name": "Can change log entry",
    "content_type": 5,
    "codename": "change_logentry"
  }
},
{
  "model": "auth.permission",
  "pk": 19,
  "fields": {
    "name": "Can delete log entry",
    "content_type": 5,
    "codename": "delete_logentry"
  }
},
{
  "model": "auth.permission",
  "pk": 20,
  "fields": {
    "name": "Can view log entry",
    "content_type": 5,
    "codename": "view_logentry"
  }
},
{
  "model": "auth.permission",
  "pk": 21,
  "fields": {
    "name": "Can add permission",
    "content_type": 6,
    "codename": "add_permission"
  }
},
{
  "model": "auth.permission",
  "pk": 22,
  "fields": {
    "name": "Can change permission",
    "content_type": 6,
    "codename": "change_permission"
  }
},
{
  "model": "auth.permission",
  "pk": 23,
  "fields": {
    "name": "Can delete permission",
    "content_type": 6,
    "codename": "delete_permission"
  }
},
{
  "model": "auth.permission",
  "pk": 24,
  "fields": {
    "name": "Can view permission",
    "content_type": 6,
    "codename": "view_permission"
  }
},
{
  "model": "auth.permission",
  "pk": 25,
  "fields": {
    "name": "Can add group",
    "content_type": 7,
    "codename": "add_group"
  }
},
{
  "model": "auth.permission",
  "pk": 26,
  "fields": {
    "name": "Can change group",
    "content_type": 7,
    "codename": "change_group"
  }
},
{
  "model": "auth.permission",
  "pk": 27,
  "fields": {
    "name": "Can delete group",
    "content_type": 7,
    "codename": "delete_group"
  }
},
{
  "model": "auth.permission",
  "pk": 28,
  "fields": {
    "name": "Can view group",
    "content_type": 7,
    "codename": "view_group"
  }
},
{
  "model": "auth.permission",
  "pk": 29,
  "fields": {
    "name": "Can add user",
    "content_type": 8,
    "codename": "add_user"
  }
},
{
  "model": "auth.permission",
  "pk": 30,
  "fields": {
    "name": "Can change user",
    "content_type": 8,
    "codename": "change_user"
  }
},
{
  "model": "auth.permission",
  "pk": 31,
  "fields": {
    "name": "Can delete user",
    "content_type": 8,
    "codename": "delete_user"
  }
},
{
  "model": "auth.permission",
  "pk": 32,
  "fields": {
    "name": "Can view user",
    "content_type": 8,
    "codename": "view_user"
  }
},
{
  "model": "auth.permission",
  "pk": 33,
  "fields": {
    "name": "Can add content type",
    "content_type": 9,
    "codename": "add_contenttype"
  }
},
{
  "model": "auth.permission",
  "pk": 34,
  "fields": {
    "name": "Can change content type",
    "content_type": 9,
    "codename": "change_contenttype"
  }
},
{
  "model": "auth.permission",
  "pk": 35,
  "fields": {
    "name": "Can delete content type",
    "content_type": 9,
    "codename": "delete_contenttype"
  }
},
{
  "model": "auth.permission",
  "pk": 36,
  "fields": {
    "name": "Can view content type",
    "content_type": 9,
    "codename": "view_contenttype"
  }
},
{
  "model": "auth.permission",
  "pk": 37,
  "fields": {
    "name": "Can add session",
    "content_type": 10,
    "codename": "add_session"
  }
},
{
  "model": "auth.permission",
  "pk": 38,
  "fields": {
    "name": "Can change session",
    "content_type": 10,
    "codename": "change_session"
  }
},
{
  "model": "auth.permission",
  "pk": 39,
  "fields": {
    "name": "Can delete session",
    "content_type": 10,
    "codename": "delete_session"
  }
},
{
  "model": "auth.permission",
  "pk": 40,
  "fields": {
    "name": "Can view session",
    "content_type": 10,
    "codename": "view_session"
  }
},
{
  "model": "auth.permission",
  "pk": 41,
  "fields": {
    "name": "Can add water",
    "content_type": 11,
    "codename": "add_water"
  }
},
{
  "model": "auth.permission",
  "pk": 42,
  "fields": {
    "name": "Can change water",
    "content_type": 11,
    "codename": "change_water"
  }
},
{
  "model": "auth.permission",
  "pk": 43,
  "fields": {
    "name": "Can delete water",
    "content_type": 11,
    "codename": "delete_water"
  }
},
{
  "model": "auth.permission",
  "pk": 44,
  "fields": {
    "name": "Can view water",
    "content_type": 11,
    "codename": "view_water"
  }
},
{
  "model": "auth.permission",
  "pk": 45,
  "fields": {
    "name": "Can add sewage",
    "content_type": 12,
    "codename": "add_sewage"
  }
},
{
  "model": "auth.permission",
  "pk": 46,
  "fields": {
    "name": "Can change sewage",
    "content_type": 12,
    "codename": "change_sewage"
  }
},
{
  "model": "auth.permission",
  "pk": 47,
  "fields": {
    "name": "Can delete sewage",
    "content_type": 12,
    "codename": "delete_sewage"
  }
},
{
  "model": "auth.permission",
  "pk": 48,
  "fields": {
    "name": "Can view sewage",
    "content_type": 12,
    "codename": "view_sewage"
  }
},
{
  "model": "auth.group",
  "pk": 1,
  "fields": {
    "name": "admin",
    "permissions": [
      17,
      18,
      19,
      20,
      25,
      26,
      27,
      28,
      21,
      22,
      23,
      24,
      29,
      30,
      31,
      32,
      9,
      10,
      11,
      12,
      1,
      2,
      3,
      4,
      5,
      6,
      7,
      8,
      33,
      34,
      35,
      36,
      13,
      14,
      15,
      16,
      37,
      38,
      39,
      40
    ]
  }
},
{
  "model": "auth.group",
  "pk": 2,
  "fields": {
    "name": "owner",
    "permissions": [
      17,
      18,
      19,
      20,
      25,
      26,
      27,
      28,
      21,
      22,
      23,
      24,
      29,
      30,
      31,
      32,
      9,
      10,
      11,
      12,
      1,
      2,
      3,
      4,
      5,
      6,
      7,
      8,
      33,
      34,
      35,
      36,
      13,
      14,
      15,
      16,
      37,
      38,
      39,
      40
    ]
  }
},
{
  "model": "auth.group",
  "pk": 3,
  "fields": {
    "name": "sales",
    "permissions": [
      29,
      32,
      9,
      12,
      1,
      4,
      5,
      8,
      33,
      36,
      16,
      37,
      40
    ]
  }
},
{
  "model": "auth.group",
  "pk": 4,
  "fields": {
    "name": "renter",
    "permissions": [
      9,
      12,
      1,
      4,
      5,
      8,
      33,
      36,
      16,
      37,
      40
    ]
  }
},
{
  "model": "auth.user",
  "pk": 1,
  "fields": {
    "password": "pbkdf2_sha256$390000$Id7UUGWliHKrTHCGhfrNOz$GEYI3XLzFwE2EpupjJL/fawovk2yITUG3cKpY9sTt3g=",
    "last_login": "2023-06-13T06:06:23.468Z",
    "is_superuser": true,
    "username": "mac",
    "first_name": "",
    "last_name": "",
    "email": "admin@mailer.com",
    "is_staff": true,
    "is_active": true,
    "date_joined": "2023-05-30T17:54:53.024Z",
    "groups": [],
    "user_permissions": []
  }
},
{
  "model": "auth.user",
  "pk": 2,
  "fields": {
    "password": "ownerpass",
    "last_login": null,
    "is_superuser": false,
    "username": "david",
    "first_name": "",
    "last_name": "",
    "email": "dlmwaniki@gmail.com",
    "is_staff": false,
    "is_active": true,
    "date_joined": "2023-05-30T18:05:49.037Z",
    "groups": [
      2
    ],
    "user_permissions": []
  }
},
{
  "model": "auth.user",
  "pk": 25,
  "fields": {
    "password": "A9tAuKs2",
    "last_login": null,
    "is_superuser": false,
    "username": "@Michelle",
    "first_name": "Michelle",
    "last_name": "Francis",
    "email": "Michelle@example.com",
    "is_staff": false,
    "is_active": true,
    "date_joined": "2023-06-01T02:21:59.635Z",
    "groups": [
      4
    ],
    "user_permissions": []
  }
},
{
  "model": "auth.user",
  "pk": 26,
  "fields": {
    "password": "ElhrG3Oi",
    "last_login": null,
    "is_superuser": false,
    "username": "@Karen",
    "first_name": "Karen",
    "last_name": "Wagner",
    "email": "Karen@example.com",
    "is_staff": false,
    "is_active": true,
    "date_joined": "2023-06-01T02:21:59.748Z",
    "groups": [
      4
    ],
    "user_permissions": []
  }
},
{
  "model": "auth.user",
  "pk": 27,
  "fields": {
    "password": "2KsNaQEj",
    "last_login": null,
    "is_superuser": false,
    "username": "@George",
    "first_name": "George",
    "last_name": "Mclaughlin",
    "email": "George@example.com",
    "is_staff": false,
    "is_active": true,
    "date_joined": "2023-06-01T02:21:59.797Z",
    "groups": [
      4
    ],
    "user_permissions": []
  }
},
{
  "model": "auth.user",
  "pk": 28,
  "fields": {
    "password": "0Xp5D4pf",
    "last_login": null,
    "is_superuser": false,
    "username": "@Joshua",
    "first_name": "Joshua",
    "last_name": "Brennan",
    "email": "Joshua@example.com",
    "is_staff": false,
    "is_active": true,
    "date_joined": "2023-06-01T02:21:59.848Z",
    "groups": [
      4
    ],
    "user_permissions": []
  }
},
{
  "model": "auth.user",
  "pk": 29,
  "fields": {
    "password": "Fm7GA6iM",
    "last_login": null,
    "is_superuser": false,
    "username": "@Keith",
    "first_name": "Keith",
    "last_name": "Gallagher",
    "email": "Keith@example.com",
    "is_staff": false,
    "is_active": true,
    "date_joined": "2023-06-01T02:21:59.896Z",
    "groups": [
      4
    ],
    "user_permissions": []
  }
},
{
  "model": "auth.user",
  "pk": 30,
  "fields": {
    "password": "cbuvqgdh",
    "last_login": null,
    "is_superuser": false,
    "username": "@Jacob",
    "first_name": "Jacob",
    "last_name": "Wu",
    "email": "Jacob@example.com",
    "is_staff": false,
    "is_active": true,
    "date_joined": "2023-06-01T02:21:59.948Z",
    "groups": [
      4
    ],
    "user_permissions": []
  }
},
{
  "model": "auth.user",
  "pk": 31,
  "fields": {
    "password": "gbTC5oOM",
    "last_login": null,
    "is_superuser": false,
    "username": "@Brenda",
    "first_name": "Brenda",
    "last_name": "Mejia",
    "email": "Brenda@example.com",
    "is_staff": false,
    "is_active": true,
    "date_joined": "2023-06-01T02:22:00.018Z",
    "groups": [
      4
    ],
    "user_permissions": []
  }
},
{
  "model": "auth.user",
  "pk": 32,
  "fields": {
    "password": "1RN6yUc9",
    "last_login": null,
    "is_superuser": false,
    "username": "@Lisa",
    "first_name": "Lisa",
    "last_name": "Green",
    "email": "Lisa@example.com",
    "is_staff": false,
    "is_active": true,
    "date_joined": "2023-06-01T02:22:00.068Z",
    "groups": [
      4
    ],
    "user_permissions": []
  }
},
{
  "model": "auth.user",
  "pk": 33,
  "fields": {
    "password": "P2F4kdAC",
    "last_login": null,
    "is_superuser": false,
    "username": "@Shannon",
    "first_name": "Shannon",
    "last_name": "Thompson",
    "email": "Shannon@example.com",
    "is_staff": false,
    "is_active": true,
    "date_joined": "2023-06-01T02:22:00.123Z",
    "groups": [
      4
    ],
    "user_permissions": []
  }
},
{
  "model": "auth.user",
  "pk": 34,
  "fields": {
    "password": "O44MPEcJ",
    "last_login": null,
    "is_superuser": false,
    "username": "@Jessica",
    "first_name": "Jessica",
    "last_name": "Bray",
    "email": "Jessica@example.com",
    "is_staff": false,
    "is_active": true,
    "date_joined": "2023-06-01T02:22:00.172Z",
    "groups": [
      4
    ],
    "user_permissions": []
  }
},
{
  "model": "auth.user",
  "pk": 35,
  "fields": {
    "password": "9WAOZFSZ",
    "last_login": null,
    "is_superuser": false,
    "username": "@Christopher",
    "first_name": "Christopher",
    "last_name": "Brown",
    "email": "Christopher@example.com",
    "is_staff": false,
    "is_active": true,
    "date_joined": "2023-06-01T02:22:00.225Z",
    "groups": [
      4
    ],
    "user_permissions": []
  }
},
{
  "model": "auth.user",
  "pk": 36,
  "fields": {
    "password": "gKdJK1a9",
    "last_login": null,
    "is_superuser": false,
    "username": "@Tammy",
    "first_name": "Tammy",
    "last_name": "Brooks",
    "email": "Tammy@example.com",
    "is_staff": false,
    "is_active": true,
    "date_joined": "2023-06-01T02:22:00.307Z",
    "groups": [
      4
    ],
    "user_permissions": []
  }
},
{
  "model": "auth.user",
  "pk": 37,
  "fields": {
    "password": "FL7xeklg",
    "last_login": null,
    "is_superuser": false,
    "username": "@Steven",
    "first_name": "Steven",
    "last_name": "Smith",
    "email": "Steven@example.com",
    "is_staff": false,
    "is_active": true,
    "date_joined": "2023-06-01T02:22:00.362Z",
    "groups": [
      4
    ],
    "user_permissions": []
  }
},
{
  "model": "auth.user",
  "pk": 38,
  "fields": {
    "password": "pbkdf2_sha256$390000$XYxsmrQFwNmFRsp54QQaTe$ePVg4/++LlJd3mk2fDo6GuF+u7W5wV6Zi2iU2zPq5/0=",
    "last_login": "2023-06-01T17:12:17.047Z",
    "is_superuser": false,
    "username": "@chege",
    "first_name": "lemmy",
    "last_name": "chege",
    "email": "lemmy@mailer.com",
    "is_staff": true,
    "is_active": true,
    "date_joined": "2023-06-01T17:12:15.990Z",
    "groups": [
      2
    ],
    "user_permissions": []
  }
}
]
